-- MySQL dump 10.13  Distrib 5.5.34, for osx10.6 (i386)
--
-- Host: localhost    Database: way
-- ------------------------------------------------------
-- Server version	5.5.34

/*!40101 SET @OLD_CHARACTER_SET_CLIENT=@@CHARACTER_SET_CLIENT */;
/*!40101 SET @OLD_CHARACTER_SET_RESULTS=@@CHARACTER_SET_RESULTS */;
/*!40101 SET @OLD_COLLATION_CONNECTION=@@COLLATION_CONNECTION */;
/*!40101 SET NAMES utf8 */;
/*!40103 SET @OLD_TIME_ZONE=@@TIME_ZONE */;
/*!40103 SET TIME_ZONE='+00:00' */;
/*!40014 SET @OLD_UNIQUE_CHECKS=@@UNIQUE_CHECKS, UNIQUE_CHECKS=0 */;
/*!40014 SET @OLD_FOREIGN_KEY_CHECKS=@@FOREIGN_KEY_CHECKS, FOREIGN_KEY_CHECKS=0 */;
/*!40101 SET @OLD_SQL_MODE=@@SQL_MODE, SQL_MODE='NO_AUTO_VALUE_ON_ZERO' */;
/*!40111 SET @OLD_SQL_NOTES=@@SQL_NOTES, SQL_NOTES=0 */;

--
-- Table structure for table `answers`
--

DROP TABLE IF EXISTS `answers`;
/*!40101 SET @saved_cs_client     = @@character_set_client */;
/*!40101 SET character_set_client = utf8 */;
CREATE TABLE `answers` (
  `id` int(11) NOT NULL AUTO_INCREMENT,
  `question_id` int(11) NOT NULL,
  `answer` tinytext NOT NULL,
  `status` tinyint(1) NOT NULL,
  `created` datetime NOT NULL,
  PRIMARY KEY (`id`),
  KEY `fk_question_answer_idx` (`question_id`),
  CONSTRAINT `fk_question_answer` FOREIGN KEY (`question_id`) REFERENCES `questions` (`id`) ON DELETE NO ACTION ON UPDATE NO ACTION
) ENGINE=InnoDB AUTO_INCREMENT=493 DEFAULT CHARSET=latin1;
/*!40101 SET character_set_client = @saved_cs_client */;

--
-- Dumping data for table `answers`
--

LOCK TABLES `answers` WRITE;
/*!40000 ALTER TABLE `answers` DISABLE KEYS */;
INSERT INTO `answers` VALUES (241,183,'Lorem ipsum dolor sit amet, consectetur adipiscing elit. Qui-vere falsone, quaerere mittimus-dicitur oculis se privasse; Nulla erit controversia. Sed residamus, inquit, si placet. Equidem e Cn. Nulla erit controversia. Duo Reges: constructio interrete. \n\n',0,'2014-10-25 11:39:39'),(242,183,'Lorem ipsum dolor sit amet, consectetur adipiscing elit. Sit enim idem caecus, debilis. Tu quidem reddes; \n\n',0,'2014-10-25 11:39:39'),(243,183,'Lorem ipsum dolor sit amet, consectetur adipiscing elit. Honesta oratio, Socratica, Platonis etiam. Contemnit enim disserendi elegantiam, confuse loquitur. Sed videbimus. Quid nunc honeste dicit? Istic sum, inquit. Praeclarae mortes sunt imperatoriae; \n\n',0,'2014-10-25 11:39:39'),(244,183,'Lorem ipsum dolor sit amet, consectetur adipiscing elit. Sedulo, inquam, faciam. Sin aliud quid voles, postea. Nam de isto magna dissensio est. Duo Reges: constructio interrete. Cave putes quicquam esse verius. Stoici scilicet. \n\n',1,'2014-10-25 11:39:39'),(245,184,'Lorem ipsum dolor sit amet, consectetur adipiscing elit. Iam in altera philosophiae parte. Contineo me ab exemplis. Gerendus est mos, modo recte sentiat. Quis hoc dicit? Duo Reges: constructio interrete. \n\n',0,'2014-10-25 11:39:40'),(246,184,'Lorem ipsum dolor sit amet, consectetur adipiscing elit. Cur deinde Metrodori liberos commendas? Non semper, inquam; Duo Reges: constructio interrete. Sed fortuna fortis; \n\n',0,'2014-10-25 11:39:40'),(247,184,'Lorem ipsum dolor sit amet, consectetur adipiscing elit. Tria genera bonorum; Hunc vos beatum; Illa tamen simplicia, vestra versuta. Quod vestri non item. Duo Reges: constructio interrete. Quae cum essent dicta, discessimus. \n\n',0,'2014-10-25 11:39:40'),(248,184,'Lorem ipsum dolor sit amet, consectetur adipiscing elit. Erat enim Polemonis. Tum mihi Piso: Quid ergo? Cur, nisi quod turpis oratio est? Non semper, inquam; Utilitatis causa amicitia est quaesita. Duo Reges: constructio interrete. \n\n',1,'2014-10-25 11:39:40'),(249,185,'Lorem ipsum dolor sit amet, consectetur adipiscing elit. Quantum Aristoxeni ingenium consumptum videmus in musicis? Quae sequuntur igitur? Sed ego in hoc resisto; Nemo igitur esse beatus potest. Sit sane ista voluptas. Duo Reges: constructio interrete. Se',0,'2014-10-25 11:39:40'),(250,185,'Lorem ipsum dolor sit amet, consectetur adipiscing elit. Scrupulum, inquam, abeunti; Minime vero, inquit ille, consentit. Utram tandem linguam nescio? Illa tamen simplicia, vestra versuta. Duo Reges: constructio interrete. \n\n',0,'2014-10-25 11:39:40'),(251,185,'Lorem ipsum dolor sit amet, consectetur adipiscing elit. Sed haec nihil sane ad rem; Sit enim idem caecus, debilis. Quid iudicant sensus? Et nemo nimium beatus est; Quae sequuntur igitur? Duo Reges: constructio interrete. Non est igitur voluptas bonum. \n\n',0,'2014-10-25 11:39:40'),(252,185,'Lorem ipsum dolor sit amet, consectetur adipiscing elit. Quid de Pythagora? Quid ergo? Si longus, levis; Duo Reges: constructio interrete. \n\n',1,'2014-10-25 11:39:41'),(253,186,'Lorem ipsum dolor sit amet, consectetur adipiscing elit. Tibi hoc incredibile, quod beatissimum. At enim sequor utilitatem. Si quidem, inquit, tollerem, sed relinquo. Bestiarum vero nullum iudicium puto. Duo Reges: constructio interrete. \n\n',0,'2014-10-25 11:39:41'),(254,186,'Lorem ipsum dolor sit amet, consectetur adipiscing elit. Primum divisit ineleganter; Ne discipulum abducam, times. Quantum Aristoxeni ingenium consumptum videmus in musicis? Duo Reges: constructio interrete. \n\n',0,'2014-10-25 11:39:41'),(255,186,'Lorem ipsum dolor sit amet, consectetur adipiscing elit. Videsne quam sit magna dissensio? Quis negat? An eiusdem modi? \n\n',0,'2014-10-25 11:39:41'),(256,186,'Lorem ipsum dolor sit amet, consectetur adipiscing elit. Quid, de quo nulla dissensio est? Quare conare, quaeso. A mene tu? Bonum liberi: misera orbitas. Ecce aliud simile dissimile. Duo Reges: constructio interrete. \n\n',1,'2014-10-25 11:39:41'),(257,187,'Lorem ipsum dolor sit amet, consectetur adipiscing elit. Si longus, levis. Quid autem habent admirationis, cum prope accesseris? Ita prorsus, inquam; Magna laus. Id est enim, de quo quaerimus. Quae cum dixisset, finem ille. Duo Reges: constructio interret',0,'2014-10-25 11:39:41'),(258,187,'Lorem ipsum dolor sit amet, consectetur adipiscing elit. Primum divisit ineleganter; Quid ad utilitatem tantae pecuniae? Poterat autem inpune; Ut pulsi recurrant? Sint ista Graecorum; \n\n',0,'2014-10-25 11:39:42'),(259,187,'Lorem ipsum dolor sit amet, consectetur adipiscing elit. Idemne, quod iucunde? Duo Reges: constructio interrete. Nam de isto magna dissensio est. Quonam, inquit, modo? \n\n',0,'2014-10-25 11:39:42'),(260,187,'Lorem ipsum dolor sit amet, consectetur adipiscing elit. At multis se probavit. Summum a vobis bonum voluptas dicitur. Duo Reges: constructio interrete. Equidem e Cn. \n\n',1,'2014-10-25 11:39:42'),(261,188,'Lorem ipsum dolor sit amet, consectetur adipiscing elit. Res enim concurrent contrariae. Erat enim Polemonis. Polycratem Samium felicem appellabant. Scrupulum, inquam, abeunti; Haec dicuntur inconstantissime. Duo Reges: constructio interrete. Nunc haec pr',0,'2014-10-25 11:39:42'),(262,188,'Lorem ipsum dolor sit amet, consectetur adipiscing elit. Cupiditates non Epicuri divisione finiebat, sed sua satietate. Nunc vides, quid faciat. Id enim natura desiderat. Duo Reges: constructio interrete. Ut pulsi recurrant? \n\n',0,'2014-10-25 11:39:42'),(263,188,'Lorem ipsum dolor sit amet, consectetur adipiscing elit. Nam ista vestra: Si gravis, brevis; Id Sextilius factum negabat. Quae diligentissime contra Aristonem dicuntur a Chryippo. Perge porro; Negare non possum. Quae similitudo in genere etiam humano appa',0,'2014-10-25 11:39:42'),(264,188,'Lorem ipsum dolor sit amet, consectetur adipiscing elit. Murenam te accusante defenderem. Inde igitur, inquit, ordiendum est. Tamen a proposito, inquam, aberramus. Sint ista Graecorum; Proclivi currit oratio. \n\n',1,'2014-10-25 11:39:42'),(265,189,'Lorem ipsum dolor sit amet, consectetur adipiscing elit. Eaedem res maneant alio modo. Iam enim adesse poterit. Estne, quaeso, inquam, sitienti in bibendo voluptas? Beatus sibi videtur esse moriens. \n\n',0,'2014-10-25 11:39:43'),(266,189,'Lorem ipsum dolor sit amet, consectetur adipiscing elit. Perge porro; Duo Reges: constructio interrete. Bonum integritas corporis: misera debilitas. \n\n',0,'2014-10-25 11:39:43'),(267,189,'Lorem ipsum dolor sit amet, consectetur adipiscing elit. Deprehensus omnem poenam contemnet. Si quae forte-possumus. Refert tamen, quo modo. Duo Reges: constructio interrete. Quid Zeno? \n\n',0,'2014-10-25 11:39:43'),(268,189,'Lorem ipsum dolor sit amet, consectetur adipiscing elit. Cave putes quicquam esse verius. Immo alio genere; Sed tamen intellego quid velit. Deprehensus omnem poenam contemnet. Duo Reges: constructio interrete. Hic nihil fuit, quod quaereremus. Quid de Pyt',1,'2014-10-25 11:39:43'),(269,190,'Lorem ipsum dolor sit amet, consectetur adipiscing elit. Zenonis est, inquam, hoc Stoici. Ut pulsi recurrant? Est enim effectrix multarum et magnarum voluptatum. Certe non potest. \n\n',0,'2014-10-25 11:39:43'),(270,190,'Lorem ipsum dolor sit amet, consectetur adipiscing elit. Maximus dolor, inquit, brevis est. An haec ab eo non dicuntur? Recte, inquit, intellegis. Immo videri fortasse. Duo Reges: constructio interrete. \n\n',0,'2014-10-25 11:39:43'),(271,190,'Lorem ipsum dolor sit amet, consectetur adipiscing elit. At iam decimum annum in spelunca iacet. Polycratem Samium felicem appellabant. Quamquam tu hanc copiosiorem etiam soles dicere. Quid ergo? \n\n',0,'2014-10-25 11:39:43'),(272,190,'Lorem ipsum dolor sit amet, consectetur adipiscing elit. Tum Triarius: Posthac quidem, inquit, audacius. Quis est tam dissimile homini. Duo Reges: constructio interrete. Explanetur igitur. Velut ego nunc moveor. \n\n',1,'2014-10-25 11:39:44'),(273,191,'Lorem ipsum dolor sit amet, consectetur adipiscing elit. Quam nemo umquam voluptatem appellavit, appellat; Suo genere perveniant ad extremum; \n\n',0,'2014-10-25 11:39:44'),(274,191,'Lorem ipsum dolor sit amet, consectetur adipiscing elit. Collatio igitur ista te nihil iuvat. Venit ad extremum; \n\n',0,'2014-10-25 11:39:44'),(275,191,'Lorem ipsum dolor sit amet, consectetur adipiscing elit. Quis Aristidem non mortuum diligit? Ecce aliud simile dissimile. Falli igitur possumus. Duo Reges: constructio interrete. \n\n',0,'2014-10-25 11:39:44'),(276,191,'Lorem ipsum dolor sit amet, consectetur adipiscing elit. Quae sequuntur igitur? Nullus est igitur cuiusquam dies natalis. Sin aliud quid voles, postea. At, si voluptas esset bonum, desideraret. Compensabatur, inquit, cum summis doloribus laetitia. Quid de',1,'2014-10-25 11:39:44'),(277,192,'Lorem ipsum dolor sit amet, consectetur adipiscing elit. Bonum incolumis acies: misera caecitas. Hunc vos beatum; Confecta res esset. Cur id non ita fit? Duo Reges: constructio interrete. \n\n',0,'2014-10-25 11:39:44'),(278,192,'Lorem ipsum dolor sit amet, consectetur adipiscing elit. Iam in altera philosophiae parte. Quid vero? De vacuitate doloris eadem sententia erit. Minime vero, inquit ille, consentit. Nihil illinc huc pervenit. \n\n',0,'2014-10-25 11:39:44'),(279,192,'Lorem ipsum dolor sit amet, consectetur adipiscing elit. Beatus sibi videtur esse moriens. Cur haec eadem Democritus? Sed residamus, inquit, si placet. Laboro autem non sine causa; A mene tu? Oratio me istius philosophi non offendit; \n\n',0,'2014-10-25 11:39:45'),(280,192,'Lorem ipsum dolor sit amet, consectetur adipiscing elit. Si longus, levis. Ita prorsus, inquam; Duo Reges: constructio interrete. Sed plane dicit quod intellegit. Egone quaeris, inquit, quid sentiam? Igitur ne dolorem quidem. \n\n',1,'2014-10-25 11:39:45'),(281,193,'Lorem ipsum dolor sit amet, consectetur adipiscing elit. Quid, quod res alia tota est? Praeteritis, inquit, gaudeo. \n\n',0,'2014-10-25 11:39:45'),(282,193,'Lorem ipsum dolor sit amet, consectetur adipiscing elit. Omnes enim iucundum motum, quo sensus hilaretur. Idemne, quod iucunde? \n\n',0,'2014-10-25 11:39:45'),(283,193,'Lorem ipsum dolor sit amet, consectetur adipiscing elit. Stoici scilicet. Eam stabilem appellas. Bonum liberi: misera orbitas. Si id dicis, vicimus. Duo Reges: constructio interrete. Obsecro, inquit, Torquate, haec dicit Epicurus? Egone quaeris, inquit, q',0,'2014-10-25 11:39:45'),(284,193,'Lorem ipsum dolor sit amet, consectetur adipiscing elit. Quae diligentissime contra Aristonem dicuntur a Chryippo. Quis hoc dicit? Nemo igitur esse beatus potest. Sic enim censent, oportunitatis esse beate vivere. Duo Reges: constructio interrete. \n\n',1,'2014-10-25 11:39:45'),(285,194,'Lorem ipsum dolor sit amet, consectetur adipiscing elit. Restatis igitur vos; Quonam modo? Duo Reges: constructio interrete. Eaedem res maneant alio modo. Poterat autem inpune; Quod ea non occurrentia fingunt, vincunt Aristonem; \n\n',0,'2014-10-25 11:39:45'),(286,194,'Lorem ipsum dolor sit amet, consectetur adipiscing elit. Quid est igitur, inquit, quod requiras? Perge porro; Illi enim inter se dissentiunt. Quod equidem non reprehendo; \n\n',0,'2014-10-25 11:39:46'),(287,194,'Lorem ipsum dolor sit amet, consectetur adipiscing elit. Tum mihi Piso: Quid ergo? Duo Reges: constructio interrete. Summum a vobis bonum voluptas dicitur. Minime vero, inquit ille, consentit. \n\n',0,'2014-10-25 11:39:46'),(288,194,'Lorem ipsum dolor sit amet, consectetur adipiscing elit. Respondeat totidem verbis. Vide, quantum, inquam, fallare, Torquate. Contineo me ab exemplis. Duo Reges: constructio interrete. \n\n',1,'2014-10-25 11:39:46'),(289,195,'Lorem ipsum dolor sit amet, consectetur adipiscing elit. Bonum integritas corporis: misera debilitas. Eadem fortitudinis ratio reperietur. Sed ille, ut dixi, vitiose. Haeret in salebra. \n\n',0,'2014-10-25 11:39:46'),(290,195,'Lorem ipsum dolor sit amet, consectetur adipiscing elit. Ita multa dicunt, quae vix intellegam. Suo genere perveniant ad extremum; Videsne quam sit magna dissensio? Sed hoc sane concedamus. Duo Reges: constructio interrete. Sed ille, ut dixi, vitiose. \n\n',0,'2014-10-25 11:39:46'),(291,195,'Lorem ipsum dolor sit amet, consectetur adipiscing elit. Videamus animi partes, quarum est conspectus illustrior; Quid ergo hoc loco intellegit honestum? \n\n',0,'2014-10-25 11:39:47'),(292,195,'Lorem ipsum dolor sit amet, consectetur adipiscing elit. Beatus sibi videtur esse moriens. Praeclare hoc quidem. Duo Reges: constructio interrete. Prodest, inquit, mihi eo esse animo. Vide, quaeso, rectumne sit. Istic sum, inquit. \n\n',1,'2014-10-25 11:39:47'),(293,196,'Lorem ipsum dolor sit amet, consectetur adipiscing elit. Quid iudicant sensus? Quod cum dixissent, ille contra. Tubulo putas dicere? Quo modo? Duo Reges: constructio interrete. Inde igitur, inquit, ordiendum est. \n\n',0,'2014-10-25 11:39:47'),(294,196,'Lorem ipsum dolor sit amet, consectetur adipiscing elit. At hoc in eo M. Praeclarae mortes sunt imperatoriae; At hoc in eo M. Duo Reges: constructio interrete. Quare attende, quaeso. Eadem fortitudinis ratio reperietur. Tubulo putas dicere? Efficiens dici',0,'2014-10-25 11:39:47'),(295,196,'Lorem ipsum dolor sit amet, consectetur adipiscing elit. Quod autem principium officii quaerunt, melius quam Pyrrho; Quare conare, quaeso. Nulla erit controversia. Quo igitur, inquit, modo? \n\n',0,'2014-10-25 11:39:47'),(296,196,'Lorem ipsum dolor sit amet, consectetur adipiscing elit. Certe non potest. Non laboro, inquit, de nomine. Quonam modo? Id mihi magnum videtur. Quibusnam praeteritis? Sed plane dicit quod intellegit. \n\n',1,'2014-10-25 11:39:47'),(297,197,'Lorem ipsum dolor sit amet, consectetur adipiscing elit. Et nemo nimium beatus est; Perge porro; Negat esse eam, inquit, propter se expetendam. Non semper, inquam; \n\n',0,'2014-10-25 11:39:47'),(298,197,'Lorem ipsum dolor sit amet, consectetur adipiscing elit. Equidem e Cn. Qui-vere falsone, quaerere mittimus-dicitur oculis se privasse; In schola desinis. Duo Reges: constructio interrete. An eiusdem modi? Quorum altera prosunt, nocent altera. \n\n',0,'2014-10-25 11:39:48'),(299,197,'Lorem ipsum dolor sit amet, consectetur adipiscing elit. Paria sunt igitur. Duo Reges: constructio interrete. Negare non possum. \n\n',0,'2014-10-25 11:39:48'),(300,197,'Lorem ipsum dolor sit amet, consectetur adipiscing elit. Hoc loco tenere se Triarius non potuit. Optime, inquam. Istic sum, inquit. Duo Reges: constructio interrete. Quae duo sunt, unum facit. Sed plane dicit quod intellegit. \n\n',1,'2014-10-25 11:39:48'),(301,198,'Lorem ipsum dolor sit amet, consectetur adipiscing elit. Itaque ab his ordiamur. At certe gravius. Nihil opus est exemplis hoc facere longius. Hic ambiguo ludimur. Nunc haec primum fortasse audientis servire debemus. Istic sum, inquit. Duo Reges: construc',0,'2014-10-25 11:39:48'),(302,198,'Lorem ipsum dolor sit amet, consectetur adipiscing elit. Obsecro, inquit, Torquate, haec dicit Epicurus? An potest cupiditas finiri? Num quid tale Democritus? Tum ille: Ain tandem? Frater et T. Simus igitur contenti his. Duo Reges: constructio interrete. ',0,'2014-10-25 11:39:48'),(303,198,'Lorem ipsum dolor sit amet, consectetur adipiscing elit. Videmus igitur ut conquiescere ne infantes quidem possint. Haec igitur Epicuri non probo, inquam. Quae contraria sunt his, malane? Graccho, eius fere, aequalí? \n\n',0,'2014-10-25 11:39:48'),(304,198,'Lorem ipsum dolor sit amet, consectetur adipiscing elit. Nunc vides, quid faciat. Sin aliud quid voles, postea. Quis istum dolorem timet? Scrupulum, inquam, abeunti; Duo Reges: constructio interrete. \n\n',1,'2014-10-25 11:39:48'),(305,199,'Lorem ipsum dolor sit amet, consectetur adipiscing elit. Videsne quam sit magna dissensio? Tamen a proposito, inquam, aberramus. Duo Reges: constructio interrete. Optime, inquam. Recte dicis; Apparet statim, quae sint officia, quae actiones. \n\n',0,'2014-10-25 11:39:49'),(306,199,'Lorem ipsum dolor sit amet, consectetur adipiscing elit. Cur post Tarentum ad Archytam? Memini vero, inquam; Quacumque enim ingredimur, in aliqua historia vestigium ponimus. Id Sextilius factum negabat. Sed haec nihil sane ad rem; Duo Reges: constructio i',0,'2014-10-25 11:39:49'),(307,199,'Lorem ipsum dolor sit amet, consectetur adipiscing elit. Qui convenit? Est enim effectrix multarum et magnarum voluptatum. Duo Reges: constructio interrete. Res enim concurrent contrariae. \n\n',0,'2014-10-25 11:39:49'),(308,199,'Lorem ipsum dolor sit amet, consectetur adipiscing elit. Sedulo, inquam, faciam. Quae sequuntur igitur? Bonum integritas corporis: misera debilitas. Duo Reges: constructio interrete. Si longus, levis; Deprehensus omnem poenam contemnet. Quae sequuntur igi',1,'2014-10-25 11:39:49'),(309,200,'Lorem ipsum dolor sit amet, consectetur adipiscing elit. Quis negat? Erat enim Polemonis. Tum ille: Ain tandem? Duo Reges: constructio interrete. Sed haec omittamus; Sed fortuna fortis; Quod equidem non reprehendo; \n\n',0,'2014-10-25 11:39:49'),(310,200,'Lorem ipsum dolor sit amet, consectetur adipiscing elit. Quid autem habent admirationis, cum prope accesseris? Nulla erit controversia. Huius, Lyco, oratione locuples, rebus ipsis ielunior. Duo Reges: constructio interrete. Si longus, levis; Quid de Plato',0,'2014-10-25 11:39:49'),(311,200,'Lorem ipsum dolor sit amet, consectetur adipiscing elit. Memini me adesse P. Tubulo putas dicere? \n\n',0,'2014-10-25 11:39:50'),(312,200,'Lorem ipsum dolor sit amet, consectetur adipiscing elit. Nos vero, inquit ille; Illi enim inter se dissentiunt. Conferam tecum, quam cuique verso rem subicias; Sed tamen intellego quid velit. Duo Reges: constructio interrete. Haeret in salebra. \n\n',1,'2014-10-25 11:39:50'),(313,201,'Lorem ipsum dolor sit amet, consectetur adipiscing elit. Quid autem habent admirationis, cum prope accesseris? Sed haec in pueris; Summum ením bonum exposuit vacuitatem doloris; Polycratem Samium felicem appellabant. Etiam beatissimum? \n\n',0,'2014-10-25 11:39:50'),(314,201,'Lorem ipsum dolor sit amet, consectetur adipiscing elit. Itaque contra est, ac dicitis; Num quid tale Democritus? Maximus dolor, inquit, brevis est. Quorum sine causa fieri nihil putandum est. Sed fortuna fortis; Duo Reges: constructio interrete. Tria gen',0,'2014-10-25 11:39:50'),(315,201,'Lorem ipsum dolor sit amet, consectetur adipiscing elit. Non igitur bene. Nunc vides, quid faciat. Cave putes quicquam esse verius. Eademne, quae restincta siti? Si longus, levis; Duo Reges: constructio interrete. \n\n',0,'2014-10-25 11:39:50'),(316,201,'Lorem ipsum dolor sit amet, consectetur adipiscing elit. Quid ad utilitatem tantae pecuniae? Idemne, quod iucunde? Audeo dicere, inquit. Si quae forte-possumus. Duo Reges: constructio interrete. Si enim ad populum me vocas, eum. Sed mehercule pergrata mih',1,'2014-10-25 11:39:50'),(317,202,'Lorem ipsum dolor sit amet, consectetur adipiscing elit. Verum hoc idem saepe faciamus. Eam tum adesse, cum dolor omnis absit; Oratio me istius philosophi non offendit; Cur iustitia laudatur? Scrupulum, inquam, abeunti; \n\n',0,'2014-10-25 11:39:50'),(318,202,'Lorem ipsum dolor sit amet, consectetur adipiscing elit. Beatum, inquit. Quis negat? Polycratem Samium felicem appellabant. Duarum enim vitarum nobis erunt instituta capienda. At hoc in eo M. Duo Reges: constructio interrete. Sint modo partes vitae beatae',0,'2014-10-25 11:39:51'),(319,202,'Lorem ipsum dolor sit amet, consectetur adipiscing elit. Haeret in salebra. Tum Torquatus: Prorsus, inquit, assentior; \n\n',0,'2014-10-25 11:39:51'),(320,202,'Lorem ipsum dolor sit amet, consectetur adipiscing elit. Hic nihil fuit, quod quaereremus. At coluit ipse amicitias. Contineo me ab exemplis. Confecta res esset. \n\n',1,'2014-10-25 11:39:51'),(321,203,'Lorem ipsum dolor sit amet, consectetur adipiscing elit. Aliter autem vobis placet. Nunc de hominis summo bono quaeritur; Id mihi magnum videtur. Tu quidem reddes; Hic ambiguo ludimur. \n\n',0,'2014-10-25 11:39:51'),(322,203,'Lorem ipsum dolor sit amet, consectetur adipiscing elit. Uterque enim summo bono fruitur, id est voluptate. Poterat autem inpune; Quae duo sunt, unum facit. Efficiens dici potest. At, si voluptas esset bonum, desideraret. Duo Reges: constructio interrete.',0,'2014-10-25 11:39:51'),(323,203,'Lorem ipsum dolor sit amet, consectetur adipiscing elit. Respondent extrema primis, media utrisque, omnia omnibus. Duo Reges: constructio interrete. \n\n',0,'2014-10-25 11:39:51'),(324,203,'Lorem ipsum dolor sit amet, consectetur adipiscing elit. Duo Reges: constructio interrete. Ita prorsus, inquam; Quid, de quo nulla dissensio est? Urgent tamen et nihil remittunt. Quis enim redargueret? Quod totum contra est. \n\n',1,'2014-10-25 11:39:51'),(325,204,'Lorem ipsum dolor sit amet, consectetur adipiscing elit. Res enim concurrent contrariae. Age sane, inquam. Graccho, eius fere, aequalí? Sed videbimus. Tum ille timide vel potius verecunde: Facio, inquit. Quis est tam dissimile homini. Duo Reges: construct',0,'2014-10-25 11:39:53'),(326,204,'Lorem ipsum dolor sit amet, consectetur adipiscing elit. Immo alio genere; Minime vero istorum quidem, inquit. Zenonis est, inquam, hoc Stoici. Urgent tamen et nihil remittunt. \n\n',0,'2014-10-25 11:39:53'),(327,204,'Lorem ipsum dolor sit amet, consectetur adipiscing elit. Sed fortuna fortis; Qui ita affectus, beatum esse numquam probabis; Minime vero istorum quidem, inquit. Duo Reges: constructio interrete. Sed quid sentiat, non videtis. \n\n',0,'2014-10-25 11:39:53'),(328,204,'Lorem ipsum dolor sit amet, consectetur adipiscing elit. Qui convenit? Sed mehercule pergrata mihi oratio tua. Itaque fecimus. Honesta oratio, Socratica, Platonis etiam. \n\n',1,'2014-10-25 11:39:53'),(329,205,'Lorem ipsum dolor sit amet, consectetur adipiscing elit. Quorum altera prosunt, nocent altera. Id mihi magnum videtur. Non potes, nisi retexueris illa. Tanta vis admonitionis inest in locis; \n\n',0,'2014-10-25 11:39:53'),(330,205,'Lorem ipsum dolor sit amet, consectetur adipiscing elit. Mihi, inquam, qui te id ipsum rogavi? At multis se probavit. Quod equidem non reprehendo; An tu me de L. Immo alio genere; Duo Reges: constructio interrete. \n\n',0,'2014-10-25 11:39:53'),(331,205,'Lorem ipsum dolor sit amet, consectetur adipiscing elit. Inde igitur, inquit, ordiendum est. Si quae forte-possumus. Duo Reges: constructio interrete. Tria genera bonorum; Bonum incolumis acies: misera caecitas. \n\n',0,'2014-10-25 11:39:53'),(332,205,'Lorem ipsum dolor sit amet, consectetur adipiscing elit. Quae duo sunt, unum facit. Primum quid tu dicis breve? Id enim natura desiderat. Cur id non ita fit? Duo Reges: constructio interrete. \n\n',1,'2014-10-25 11:39:54'),(333,206,'Lorem ipsum dolor sit amet, consectetur adipiscing elit. Si enim ad populum me vocas, eum. Haec dicuntur fortasse ieiunius; Ita credo. Satis est ad hoc responsum. Duo Reges: constructio interrete. Equidem, sed audistine modo de Carneade? \n\n',0,'2014-10-25 11:39:54'),(334,206,'Lorem ipsum dolor sit amet, consectetur adipiscing elit. Tum mihi Piso: Quid ergo? Quod vestri non item. Quare attende, quaeso. Quid, de quo nulla dissensio est? Quid me istud rogas? \n\n',0,'2014-10-25 11:39:54'),(335,206,'Lorem ipsum dolor sit amet, consectetur adipiscing elit. Sed videbimus. Zenonis est, inquam, hoc Stoici. Istic sum, inquit. Quid ad utilitatem tantae pecuniae? Comprehensum, quod cognitum non habet? Quae similitudo in genere etiam humano apparet. At iam d',0,'2014-10-25 11:39:54'),(336,206,'Lorem ipsum dolor sit amet, consectetur adipiscing elit. Sed ego in hoc resisto; Nam quid possumus facere melius? Scaevolam M. Duo Reges: constructio interrete. \n\n',1,'2014-10-25 11:39:54'),(337,207,'Lorem ipsum dolor sit amet, consectetur adipiscing elit. Qua tu etiam inprudens utebare non numquam. Peccata paria. An eiusdem modi? Eaedem res maneant alio modo. Nulla erit controversia. Sed videbimus. \n\n',0,'2014-10-25 11:39:54'),(338,207,'Lorem ipsum dolor sit amet, consectetur adipiscing elit. Memini vero, inquam; Qui est in parvis malis. Haeret in salebra. Murenam te accusante defenderem. Duo Reges: constructio interrete. \n\n',0,'2014-10-25 11:39:54'),(339,207,'Lorem ipsum dolor sit amet, consectetur adipiscing elit. Prioris generis est docilitas, memoria; Non est igitur summum malum dolor. Nullus est igitur cuiusquam dies natalis. Duo Reges: constructio interrete. Bonum integritas corporis: misera debilitas. Qu',0,'2014-10-25 11:39:55'),(340,207,'Lorem ipsum dolor sit amet, consectetur adipiscing elit. Quae cum dixisset paulumque institisset, Quid est? Nescio quo modo praetervolavit oratio. Philosophi autem in suis lectulis plerumque moriuntur. Videsne quam sit magna dissensio? \n\n',1,'2014-10-25 11:39:55'),(341,208,'Lorem ipsum dolor sit amet, consectetur adipiscing elit. Idem adhuc; Id mihi magnum videtur. Inde igitur, inquit, ordiendum est. Duo Reges: constructio interrete. \n\n',0,'2014-10-25 11:39:55'),(342,208,'Lorem ipsum dolor sit amet, consectetur adipiscing elit. Restatis igitur vos; Sed nimis multa. Inquit, dasne adolescenti veniam? \n\n',0,'2014-10-25 11:39:55'),(343,208,'Lorem ipsum dolor sit amet, consectetur adipiscing elit. Honesta oratio, Socratica, Platonis etiam. Tenent mordicus. Nobis aliter videtur, recte secusne, postea; Duo Reges: constructio interrete. \n\n',0,'2014-10-25 11:39:55'),(344,208,'Lorem ipsum dolor sit amet, consectetur adipiscing elit. Sed plane dicit quod intellegit. Id Sextilius factum negabat. Si longus, levis dictata sunt. Duo Reges: constructio interrete. \n\n',1,'2014-10-25 11:39:55'),(345,209,'Lorem ipsum dolor sit amet, consectetur adipiscing elit. Aliter enim nosmet ipsos nosse non possumus. Tu vero, inquam, ducas licet, si sequetur; Sed fortuna fortis; Vide, quantum, inquam, fallare, Torquate. \n\n',0,'2014-10-25 11:39:55'),(346,209,'Lorem ipsum dolor sit amet, consectetur adipiscing elit. Quare attende, quaeso. Quorum sine causa fieri nihil putandum est. Quis hoc dicit? Respondent extrema primis, media utrisque, omnia omnibus. \n\n',0,'2014-10-25 11:39:56'),(347,209,'Lorem ipsum dolor sit amet, consectetur adipiscing elit. Si longus, levis. Sequitur disserendi ratio cognitioque naturae; Duo Reges: constructio interrete. Mihi enim satis est, ipsis non satis. Venit ad extremum; \n\n',0,'2014-10-25 11:39:56'),(348,209,'Lorem ipsum dolor sit amet, consectetur adipiscing elit. Equidem, sed audistine modo de Carneade? Frater et T. Duo Reges: constructio interrete. Bonum valitudo: miser morbus. Si longus, levis; \n\n',1,'2014-10-25 11:39:56'),(349,210,'Lorem ipsum dolor sit amet, consectetur adipiscing elit. Vestri haec verecundius, illi fortasse constantius. Cur haec eadem Democritus? Quam ob rem tandem, inquit, non satisfacit? At multis malis affectus. \n\n',0,'2014-10-25 11:39:56'),(350,210,'Lorem ipsum dolor sit amet, consectetur adipiscing elit. Illi enim inter se dissentiunt. Duo Reges: constructio interrete. Easdemne res? Erat enim Polemonis. \n\n',0,'2014-10-25 11:39:56'),(351,210,'Lorem ipsum dolor sit amet, consectetur adipiscing elit. Et nemo nimium beatus est; Cur deinde Metrodori liberos commendas? Cum praesertim illa perdiscere ludus esset. Duo Reges: constructio interrete. Velut ego nunc moveor. Quo modo autem philosophus loq',0,'2014-10-25 11:39:56'),(352,210,'Lorem ipsum dolor sit amet, consectetur adipiscing elit. Is es profecto tu. Quorum sine causa fieri nihil putandum est. Quae sequuntur igitur? Duo Reges: constructio interrete. Inde igitur, inquit, ordiendum est. Quippe: habes enim a rhetoribus; \n\n',1,'2014-10-25 11:39:56'),(353,211,'Lorem ipsum dolor sit amet, consectetur adipiscing elit. Restinguet citius, si ardentem acceperit. Beatus sibi videtur esse moriens. Ad eos igitur converte te, quaeso. Sed residamus, inquit, si placet. Non est igitur summum malum dolor. Duo Reges: constru',0,'2014-10-25 11:39:57'),(354,211,'Lorem ipsum dolor sit amet, consectetur adipiscing elit. Hic ambiguo ludimur. Explanetur igitur. Quippe: habes enim a rhetoribus; Duo Reges: constructio interrete. \n\n',0,'2014-10-25 11:39:57'),(355,211,'Lorem ipsum dolor sit amet, consectetur adipiscing elit. Non est igitur voluptas bonum. Praeteritis, inquit, gaudeo. Duo Reges: constructio interrete. Suo enim quisque studio maxime ducitur. \n\n',0,'2014-10-25 11:39:57'),(356,211,'Lorem ipsum dolor sit amet, consectetur adipiscing elit. Quid ad utilitatem tantae pecuniae? Tubulo putas dicere? Suo genere perveniant ad extremum; Sed nimis multa. Quibus ego vehementer assentior. Duo Reges: constructio interrete. \n\n',1,'2014-10-25 11:39:57'),(357,212,'Lorem ipsum dolor sit amet, consectetur adipiscing elit. Nihil enim hoc differt. Quae cum dixisset, finem ille. Quo modo autem philosophus loquitur? \n\n',0,'2014-10-25 11:39:57'),(358,212,'Lorem ipsum dolor sit amet, consectetur adipiscing elit. Non est igitur summum malum dolor. Id Sextilius factum negabat. Duo Reges: constructio interrete. Si longus, levis dictata sunt. Reguli reiciendam; Summum a vobis bonum voluptas dicitur. \n\n',0,'2014-10-25 11:39:57'),(359,212,'Lorem ipsum dolor sit amet, consectetur adipiscing elit. ALIO MODO. Si id dicis, vicimus. Cave putes quicquam esse verius. Quis istud possit, inquit, negare? \n\n',0,'2014-10-25 11:39:57'),(360,212,'Lorem ipsum dolor sit amet, consectetur adipiscing elit. Sed nimis multa. Sed fortuna fortis; Quis Aristidem non mortuum diligit? Equidem, sed audistine modo de Carneade? Cave putes quicquam esse verius. Quare conare, quaeso. Duo Reges: constructio interr',1,'2014-10-25 11:39:58'),(361,213,'Lorem ipsum dolor sit amet, consectetur adipiscing elit. Graece donan, Latine voluptatem vocant. Sin aliud quid voles, postea. \n\n',0,'2014-10-25 11:39:58'),(362,213,'Lorem ipsum dolor sit amet, consectetur adipiscing elit. Quid vero? Aufert enim sensus actionemque tollit omnem. \n\n',0,'2014-10-25 11:39:58'),(363,213,'Lorem ipsum dolor sit amet, consectetur adipiscing elit. Quorum altera prosunt, nocent altera. Confecta res esset. Venit ad extremum; Quod vestri non item. Duo Reges: constructio interrete. Tubulo putas dicere? \n\n',0,'2014-10-25 11:39:58'),(364,213,'Lorem ipsum dolor sit amet, consectetur adipiscing elit. Hos contra singulos dici est melius. Duo Reges: constructio interrete. Non potes, nisi retexueris illa. Et nemo nimium beatus est; Istic sum, inquit. \n\n',1,'2014-10-25 11:39:58'),(365,214,'Lorem ipsum dolor sit amet, consectetur adipiscing elit. Nunc agendum est subtilius. Hoc non est positum in nostra actione. Restinguet citius, si ardentem acceperit. Duo Reges: constructio interrete. Cur iustitia laudatur? Idemne, quod iucunde? Eademne, q',0,'2014-10-25 11:39:58'),(366,214,'Lorem ipsum dolor sit amet, consectetur adipiscing elit. Respondeat totidem verbis. Erat enim Polemonis. Duo Reges: constructio interrete. Quis Aristidem non mortuum diligit? \n\n',0,'2014-10-25 11:39:58'),(367,214,'Lorem ipsum dolor sit amet, consectetur adipiscing elit. A mene tu? Sed fac ista esse non inportuna; Quae contraria sunt his, malane? Scaevolam M. Ita ne hoc quidem modo paria peccata sunt. \n\n',0,'2014-10-25 11:39:59'),(368,214,'Lorem ipsum dolor sit amet, consectetur adipiscing elit. Bonum patria: miserum exilium. Cave putes quicquam esse verius. Ubi ut eam caperet aut quando? Cur id non ita fit? Frater et T. Duo Reges: constructio interrete. Sed tamen intellego quid velit. Age,',1,'2014-10-25 11:39:59'),(369,215,'Lorem ipsum dolor sit amet, consectetur adipiscing elit. Non est igitur summum malum dolor. Nulla erit controversia. Nos commodius agimus. Duo Reges: constructio interrete. \n\n',0,'2014-10-25 11:39:59'),(370,215,'Lorem ipsum dolor sit amet, consectetur adipiscing elit. Huius, Lyco, oratione locuples, rebus ipsis ielunior. Gerendus est mos, modo recte sentiat. \n\n',0,'2014-10-25 11:39:59'),(371,215,'Lorem ipsum dolor sit amet, consectetur adipiscing elit. Minime vero istorum quidem, inquit. Audeo dicere, inquit. Maximus dolor, inquit, brevis est. Ita credo. \n\n',0,'2014-10-25 11:39:59'),(372,215,'Lorem ipsum dolor sit amet, consectetur adipiscing elit. Recte, inquit, intellegis. Perge porro; Id Sextilius factum negabat. Immo videri fortasse. Duo Reges: constructio interrete. Utram tandem linguam nescio? \n\n',1,'2014-10-25 11:39:59'),(373,216,'Lorem ipsum dolor sit amet, consectetur adipiscing elit. Quare attende, quaeso. Venit ad extremum; Falli igitur possumus. \n\n',0,'2014-10-25 11:39:59'),(374,216,'Lorem ipsum dolor sit amet, consectetur adipiscing elit. Itaque contra est, ac dicitis; Aliter enim nosmet ipsos nosse non possumus. Hoc est non dividere, sed frangere. Quae contraria sunt his, malane? \n\n',0,'2014-10-25 11:40:00'),(375,216,'Lorem ipsum dolor sit amet, consectetur adipiscing elit. Sed potestne rerum maior esse dissensio? Nulla erit controversia. Proclivi currit oratio. Sed quid sentiat, non videtis. Sed nunc, quod agimus; \n\n',0,'2014-10-25 11:40:00'),(376,216,'Lorem ipsum dolor sit amet, consectetur adipiscing elit. In schola desinis. Tria genera bonorum; Bonum patria: miserum exilium. Quae ista amicitia est? \n\n',1,'2014-10-25 11:40:00'),(377,217,'Lorem ipsum dolor sit amet, consectetur adipiscing elit. Hoc sic expositum dissimile est superiori. Et quod est munus, quod opus sapientiae? Sed hoc sane concedamus. Quorum altera prosunt, nocent altera. \n\n',0,'2014-10-25 11:40:00'),(378,217,'Lorem ipsum dolor sit amet, consectetur adipiscing elit. Non igitur bene. Ut pulsi recurrant? Duo Reges: constructio interrete. Erat enim Polemonis. \n\n',0,'2014-10-25 11:40:00'),(379,217,'Lorem ipsum dolor sit amet, consectetur adipiscing elit. In schola desinis. Nam quid possumus facere melius? Et quod est munus, quod opus sapientiae? Que Manilium, ab iisque M. Duo Reges: constructio interrete. Eam stabilem appellas. \n\n',0,'2014-10-25 11:40:01'),(380,217,'Lorem ipsum dolor sit amet, consectetur adipiscing elit. Quorum sine causa fieri nihil putandum est. At certe gravius. Negare non possum. Sed tamen intellego quid velit. \n\n',1,'2014-10-25 11:40:01'),(381,218,'Lorem ipsum dolor sit amet, consectetur adipiscing elit. Pollicetur certe. Scrupulum, inquam, abeunti; Duo Reges: constructio interrete. Comprehensum, quod cognitum non habet? Quae cum dixisset paulumque institisset, Quid est? \n\n',0,'2014-10-25 11:40:01'),(382,218,'Lorem ipsum dolor sit amet, consectetur adipiscing elit. Erat enim res aperta. Sed ego in hoc resisto; Facete M. Sed mehercule pergrata mihi oratio tua. Quod vestri non item. Erat enim res aperta. \n\n',0,'2014-10-25 11:40:01'),(383,218,'Lorem ipsum dolor sit amet, consectetur adipiscing elit. Num quid tale Democritus? Cur iustitia laudatur? Quo tandem modo? Duo Reges: constructio interrete. Nos vero, inquit ille; Sed haec omittamus; Non risu potius quam oratione eiciendum? \n\n',0,'2014-10-25 11:40:01'),(384,218,'Lorem ipsum dolor sit amet, consectetur adipiscing elit. Quid de Pythagora? Id est enim, de quo quaerimus. Suo genere perveniant ad extremum; Age, inquies, ista parva sunt. \n\n',1,'2014-10-25 11:40:03'),(385,219,'Lorem ipsum dolor sit amet, consectetur adipiscing elit. Quo modo? An eiusdem modi? Audeo dicere, inquit. Hoc non est positum in nostra actione. \n\n',0,'2014-10-25 11:40:03'),(386,219,'Lorem ipsum dolor sit amet, consectetur adipiscing elit. Murenam te accusante defenderem. Si longus, levis. Nunc agendum est subtilius. Duo Reges: constructio interrete. Ea possunt paria non esse. Quid igitur, inquit, eos responsuros putas? \n\n',0,'2014-10-25 11:40:03'),(387,219,'Lorem ipsum dolor sit amet, consectetur adipiscing elit. A mene tu? Idem adhuc; Ea possunt paria non esse. Apparet statim, quae sint officia, quae actiones. \n\n',0,'2014-10-25 11:40:04'),(388,219,'Lorem ipsum dolor sit amet, consectetur adipiscing elit. Iam enim adesse poterit. Bonum incolumis acies: misera caecitas. An nisi populari fama? \n\n',1,'2014-10-25 11:40:04'),(389,220,'Lorem ipsum dolor sit amet, consectetur adipiscing elit. Immo videri fortasse. Quid iudicant sensus? Duo Reges: constructio interrete. Bonum negas esse divitias, praeposìtum esse dicis? An potest cupiditas finiri? Quid ad utilitatem tantae pecuniae? Nunc ',0,'2014-10-25 11:40:04'),(390,220,'Lorem ipsum dolor sit amet, consectetur adipiscing elit. Negare non possum. Igitur ne dolorem quidem. Cur haec eadem Democritus? At certe gravius. Duo Reges: constructio interrete. Dicimus aliquem hilare vivere; \n\n',0,'2014-10-25 11:40:04'),(391,220,'Lorem ipsum dolor sit amet, consectetur adipiscing elit. Qualem igitur hominem natura inchoavit? Quamquam te quidem video minime esse deterritum. Bonum incolumis acies: misera caecitas. In schola desinis. Sin aliud quid voles, postea. \n\n',0,'2014-10-25 11:40:04'),(392,220,'Lorem ipsum dolor sit amet, consectetur adipiscing elit. Cur haec eadem Democritus? Quod equidem non reprehendo; Avaritiamne minuis? Quid de Pythagora? Qualem igitur hominem natura inchoavit? Quod cum dixissent, ille contra. \n\n',1,'2014-10-25 11:40:04'),(393,221,'Lorem ipsum dolor sit amet, consectetur adipiscing elit. An hoc usque quaque, aliter in vita? An eiusdem modi? \n\n',0,'2014-10-25 11:40:04'),(394,221,'Lorem ipsum dolor sit amet, consectetur adipiscing elit. Primum in nostrane potestate est, quid meminerimus? Duo Reges: constructio interrete. Nam quid possumus facere melius? Sint ista Graecorum; \n\n',0,'2014-10-25 11:40:05'),(395,221,'Lorem ipsum dolor sit amet, consectetur adipiscing elit. Quod cum dixissent, ille contra. Sint modo partes vitae beatae. Si quae forte-possumus. Ille incendat? \n\n',0,'2014-10-25 11:40:05'),(396,221,'Lorem ipsum dolor sit amet, consectetur adipiscing elit. Efficiens dici potest. Tollitur beneficium, tollitur gratia, quae sunt vincla concordiae. Rationis enim perfectio est virtus; Quae est igitur causa istarum angustiarum? Etiam beatissimum? \n\n',1,'2014-10-25 11:40:05'),(397,222,'Lorem ipsum dolor sit amet, consectetur adipiscing elit. Easdemne res? Quid, quod res alia tota est? \n\n',0,'2014-10-25 11:40:05'),(398,222,'Lorem ipsum dolor sit amet, consectetur adipiscing elit. Sed quid sentiat, non videtis. Neutrum vero, inquit ille. \n\n',0,'2014-10-25 11:40:05'),(399,222,'Lorem ipsum dolor sit amet, consectetur adipiscing elit. Istam voluptatem perpetuam quis potest praestare sapienti? Tria genera bonorum; Sed ad rem redeamus; An eiusdem modi? Duo Reges: constructio interrete. \n\n',0,'2014-10-25 11:40:05'),(400,222,'Lorem ipsum dolor sit amet, consectetur adipiscing elit. At hoc in eo M. Quonam, inquit, modo? Efficiens dici potest. Urgent tamen et nihil remittunt. Eam stabilem appellas. \n\n',1,'2014-10-25 11:40:05'),(401,223,'Lorem ipsum dolor sit amet, consectetur adipiscing elit. Sed ad illum redeo. Paria sunt igitur. Duo Reges: constructio interrete. \n\n',0,'2014-10-25 11:40:06'),(402,223,'Lorem ipsum dolor sit amet, consectetur adipiscing elit. Sed haec in pueris; Eadem fortitudinis ratio reperietur. Ac tamen hic mallet non dolere. Sed fortuna fortis; Ut id aliis narrare gestiant? Duo Reges: constructio interrete. \n\n',0,'2014-10-25 11:40:06'),(403,223,'Lorem ipsum dolor sit amet, consectetur adipiscing elit. Et quidem, inquit, vehementer errat; Sed residamus, inquit, si placet. Id est enim, de quo quaerimus. Sed hoc sane concedamus. Stoicos roga. \n\n',0,'2014-10-25 11:40:06'),(404,223,'Lorem ipsum dolor sit amet, consectetur adipiscing elit. Tamen a proposito, inquam, aberramus. Certe non potest. Memini vero, inquam; Certe non potest. Bonum incolumis acies: misera caecitas. \n\n',1,'2014-10-25 11:40:06'),(405,224,'Lorem ipsum dolor sit amet, consectetur adipiscing elit. Immo videri fortasse. A mene tu? Nulla erit controversia. Ergo, inquit, tibi Q. \n\n',0,'2014-10-25 11:40:06'),(406,224,'Lorem ipsum dolor sit amet, consectetur adipiscing elit. Beatus sibi videtur esse moriens. Ita prorsus, inquam; \n\n',0,'2014-10-25 11:40:06'),(407,224,'Lorem ipsum dolor sit amet, consectetur adipiscing elit. Sed haec omittamus; Quo tandem modo? Haeret in salebra. Quonam, inquit, modo? Sumenda potius quam expetenda. Beatus sibi videtur esse moriens. \n\n',0,'2014-10-25 11:40:06'),(408,224,'Lorem ipsum dolor sit amet, consectetur adipiscing elit. Respondeat totidem verbis. Quis istud, quaeso, nesciebat? Suo genere perveniant ad extremum; Duo Reges: constructio interrete. Summae mihi videtur inscitiae. Cur id non ita fit? \n\n',1,'2014-10-25 11:40:07'),(409,225,'Lorem ipsum dolor sit amet, consectetur adipiscing elit. Que Manilium, ab iisque M. Recte, inquit, intellegis. Non semper, inquam; Quis est tam dissimile homini. Istam voluptatem, inquit, Epicurus ignorat? Age sane, inquam. \n\n',0,'2014-10-25 11:40:07'),(410,225,'Lorem ipsum dolor sit amet, consectetur adipiscing elit. Quid dubitas igitur mutare principia naturae? Paria sunt igitur. Duo Reges: constructio interrete. Aliter enim explicari, quod quaeritur, non potest. Nam quid possumus facere melius? \n\n',0,'2014-10-25 11:40:07'),(411,225,'Lorem ipsum dolor sit amet, consectetur adipiscing elit. Ostendit pedes et pectus. Praeteritis, inquit, gaudeo. Quid est igitur, inquit, quod requiras? Aliter autem vobis placet. Praeclare hoc quidem. Duo Reges: constructio interrete. \n\n',0,'2014-10-25 11:40:07'),(412,225,'Lorem ipsum dolor sit amet, consectetur adipiscing elit. Sin aliud quid voles, postea. Quid ad utilitatem tantae pecuniae? Duo Reges: constructio interrete. Id mihi magnum videtur. Expectoque quid ad id, quod quaerebam, respondeas. Quare attende, quaeso. ',1,'2014-10-25 11:40:07'),(413,226,'Lorem ipsum dolor sit amet, consectetur adipiscing elit. Equidem e Cn. Refert tamen, quo modo. \n\n',0,'2014-10-25 11:40:07'),(414,226,'Lorem ipsum dolor sit amet, consectetur adipiscing elit. Bonum integritas corporis: misera debilitas. Restatis igitur vos; Ea possunt paria non esse. Eam stabilem appellas. Duo Reges: constructio interrete. Idem adhuc; Disserendi artem nullam habuit. Tum ',0,'2014-10-25 11:40:07'),(415,226,'Lorem ipsum dolor sit amet, consectetur adipiscing elit. Memini me adesse P. Moriatur, inquit. At hoc in eo M. Duo Reges: constructio interrete. Mihi enim satis est, ipsis non satis. \n\n',0,'2014-10-25 11:40:08'),(416,226,'Lorem ipsum dolor sit amet, consectetur adipiscing elit. Honesta oratio, Socratica, Platonis etiam. Pauca mutat vel plura sane; Sed ad illum redeo. Sin aliud quid voles, postea. Duo Reges: constructio interrete. Istam voluptatem, inquit, Epicurus ignorat?',1,'2014-10-25 11:40:08'),(417,227,'Lorem ipsum dolor sit amet, consectetur adipiscing elit. Et quidem, inquit, vehementer errat; Efficiens dici potest. Quo igitur, inquit, modo? Nunc de hominis summo bono quaeritur; Vide, quantum, inquam, fallare, Torquate. Sit sane ista voluptas. \n\n',0,'2014-10-25 11:40:08'),(418,227,'Lorem ipsum dolor sit amet, consectetur adipiscing elit. Numquam facies. Quae cum dixisset paulumque institisset, Quid est? Quare ad ea primum, si videtur; \n\n',0,'2014-10-25 11:40:08'),(419,227,'Lorem ipsum dolor sit amet, consectetur adipiscing elit. Iam id ipsum absurdum, maximum malum neglegi. Pauca mutat vel plura sane; Quod vestri non item. Tubulo putas dicere? \n\n',0,'2014-10-25 11:40:08'),(420,227,'Lorem ipsum dolor sit amet, consectetur adipiscing elit. Vide, quantum, inquam, fallare, Torquate. At hoc in eo M. Proclivi currit oratio. Memini vero, inquam; Cur deinde Metrodori liberos commendas? \n\n',1,'2014-10-25 11:40:08'),(421,228,'Lorem ipsum dolor sit amet, consectetur adipiscing elit. Num quid tale Democritus? Haec igitur Epicuri non probo, inquam. Erit enim mecum, si tecum erit. Duo Reges: constructio interrete. Iam contemni non poteris. Quis Aristidem non mortuum diligit? \n\n',0,'2014-10-25 11:40:08'),(422,228,'Lorem ipsum dolor sit amet, consectetur adipiscing elit. Sed ad bona praeterita redeamus. Frater et T. Duo Reges: constructio interrete. Avaritiamne minuis? Bestiarum vero nullum iudicium puto. Quod equidem non reprehendo; \n\n',0,'2014-10-25 11:40:09'),(423,228,'Lorem ipsum dolor sit amet, consectetur adipiscing elit. Hunc vos beatum; Duo Reges: constructio interrete. Idemne, quod iucunde? Suo genere perveniant ad extremum; \n\n',0,'2014-10-25 11:40:09'),(424,228,'Lorem ipsum dolor sit amet, consectetur adipiscing elit. Reguli reiciendam; Tamen a proposito, inquam, aberramus. Tum Torquatus: Prorsus, inquit, assentior; \n\n',1,'2014-10-25 11:40:09'),(425,229,'Lorem ipsum dolor sit amet, consectetur adipiscing elit. Nulla erit controversia. Stoici scilicet. Duo Reges: constructio interrete. Praeclarae mortes sunt imperatoriae; Sin aliud quid voles, postea. At, si voluptas esset bonum, desideraret. \n\n',0,'2014-10-25 11:40:09'),(426,229,'Lorem ipsum dolor sit amet, consectetur adipiscing elit. Poterat autem inpune; Duo Reges: constructio interrete. Quid enim possumus hoc agere divinius? \n\n',0,'2014-10-25 11:40:09'),(427,229,'Lorem ipsum dolor sit amet, consectetur adipiscing elit. Sullae consulatum? Perge porro; Aliter autem vobis placet. Est, ut dicis, inquit; Duo Reges: constructio interrete. At multis se probavit. \n\n',0,'2014-10-25 11:40:09'),(428,229,'Lorem ipsum dolor sit amet, consectetur adipiscing elit. Sed ad rem redeamus; Etiam beatissimum? Quid censes in Latino fore? Sed ad bona praeterita redeamus. Maximus dolor, inquit, brevis est. Duo Reges: constructio interrete. Quare attende, quaeso. \n\n',1,'2014-10-25 11:40:09'),(429,230,'Lorem ipsum dolor sit amet, consectetur adipiscing elit. Duo enim genera quae erant, fecit tria. Negat enim summo bono afferre incrementum diem. Non potes, nisi retexueris illa. \n\n',0,'2014-10-25 11:40:10'),(430,230,'Lorem ipsum dolor sit amet, consectetur adipiscing elit. Sed in rebus apertissimis nimium longi sumus. Polycratem Samium felicem appellabant. \n\n',0,'2014-10-25 11:40:10'),(431,230,'Lorem ipsum dolor sit amet, consectetur adipiscing elit. Cur id non ita fit? Restinguet citius, si ardentem acceperit. Duo Reges: constructio interrete. Sed ad bona praeterita redeamus. \n\n',0,'2014-10-25 11:40:10'),(432,230,'Lorem ipsum dolor sit amet, consectetur adipiscing elit. Haec dicuntur inconstantissime. Quo igitur, inquit, modo? At enim sequor utilitatem. Duo Reges: constructio interrete. Tibi hoc incredibile, quod beatissimum. Idem adhuc; Si quae forte-possumus. Ill',1,'2014-10-25 11:40:10'),(433,231,'Lorem ipsum dolor sit amet, consectetur adipiscing elit. Est enim effectrix multarum et magnarum voluptatum. Duo Reges: constructio interrete. Beatus sibi videtur esse moriens. Minime vero istorum quidem, inquit. \n\n',0,'2014-10-25 11:40:10'),(434,231,'Lorem ipsum dolor sit amet, consectetur adipiscing elit. Nihil sane. Sed virtutem ipsam inchoavit, nihil amplius. \n\n',0,'2014-10-25 11:40:10'),(435,231,'Lorem ipsum dolor sit amet, consectetur adipiscing elit. Sed haec in pueris; Non semper, inquam; Graccho, eius fere, aequalí? Tum ille: Ain tandem? Age sane, inquam. Duo Reges: constructio interrete. \n\n',0,'2014-10-25 11:40:11'),(436,231,'Lorem ipsum dolor sit amet, consectetur adipiscing elit. Cur iustitia laudatur? Recte dicis; Haec dicuntur inconstantissime. \n\n',1,'2014-10-25 11:40:11'),(437,232,'Lorem ipsum dolor sit amet, consectetur adipiscing elit. Scrupulum, inquam, abeunti; Duo Reges: constructio interrete. Non semper, inquam; Praeteritis, inquit, gaudeo. \n\n',0,'2014-10-25 11:40:11'),(438,232,'Lorem ipsum dolor sit amet, consectetur adipiscing elit. Erat enim Polemonis. Zenonis est, inquam, hoc Stoici. Nam ante Aristippus, et ille melius. Cur deinde Metrodori liberos commendas? Summus dolor plures dies manere non potest? Sed tamen intellego qui',0,'2014-10-25 11:40:11'),(439,232,'Lorem ipsum dolor sit amet, consectetur adipiscing elit. Moriatur, inquit. Eam stabilem appellas. Duo Reges: constructio interrete. Sed quod proximum fuit non vidit. \n\n',0,'2014-10-25 11:40:11'),(440,232,'Lorem ipsum dolor sit amet, consectetur adipiscing elit. At certe gravius. At eum nihili facit; Quid de Pythagora? Collatio igitur ista te nihil iuvat. Zenonis est, inquam, hoc Stoici. Comprehensum, quod cognitum non habet? \n\n',1,'2014-10-25 11:40:11'),(441,233,'Lorem ipsum dolor sit amet, consectetur adipiscing elit. Minime vero istorum quidem, inquit. At multis se probavit. Duo Reges: constructio interrete. \n\n',0,'2014-10-25 11:40:11'),(442,233,'Lorem ipsum dolor sit amet, consectetur adipiscing elit. Rationis enim perfectio est virtus; Praeteritis, inquit, gaudeo. Quod cum dixissent, ille contra. Duo Reges: constructio interrete. Bestiarum vero nullum iudicium puto. \n\n',0,'2014-10-25 11:40:12'),(443,233,'Lorem ipsum dolor sit amet, consectetur adipiscing elit. Perge porro; Non est ista, inquam, Piso, magna dissensio. Torquatus, is qui consul cum Cn. Quis hoc dicit? Quare attende, quaeso. \n\n',0,'2014-10-25 11:40:12'),(444,233,'Lorem ipsum dolor sit amet, consectetur adipiscing elit. Si longus, levis dictata sunt. Sed ad bona praeterita redeamus. \n\n',1,'2014-10-25 11:40:12'),(445,234,'Lorem ipsum dolor sit amet, consectetur adipiscing elit. Faceres tu quidem, Torquate, haec omnia; Quae duo sunt, unum facit. Disserendi artem nullam habuit. \n\n',0,'2014-10-25 11:40:12'),(446,234,'Lorem ipsum dolor sit amet, consectetur adipiscing elit. Hos contra singulos dici est melius. Quid igitur, inquit, eos responsuros putas? Animum autem reliquis rebus ita perfecit, ut corpus; Prodest, inquit, mihi eo esse animo. Hoc non est positum in nost',0,'2014-10-25 11:40:12'),(447,234,'Lorem ipsum dolor sit amet, consectetur adipiscing elit. Quo tandem modo? Praeclare hoc quidem. Si longus, levis dictata sunt. Negare non possum. \n\n',0,'2014-10-25 11:40:12'),(448,234,'Lorem ipsum dolor sit amet, consectetur adipiscing elit. Idemne, quod iucunde? Quod equidem non reprehendo; An nisi populari fama? Negare non possum. Duo Reges: constructio interrete. Hic nihil fuit, quod quaereremus. \n\n',1,'2014-10-25 11:40:12'),(449,235,'Lorem ipsum dolor sit amet, consectetur adipiscing elit. Bonum patria: miserum exilium. Memini me adesse P. Haeret in salebra. Duo Reges: constructio interrete. Quid ad utilitatem tantae pecuniae? Sint modo partes vitae beatae. Quod cum dixissent, ille co',0,'2014-10-25 11:40:13'),(450,235,'Lorem ipsum dolor sit amet, consectetur adipiscing elit. Explanetur igitur. Egone quaeris, inquit, quid sentiam? At ille pellit, qui permulcet sensum voluptate. Tamen a proposito, inquam, aberramus. Duo Reges: constructio interrete. Tollenda est atque ext',0,'2014-10-25 11:40:13'),(451,235,'Lorem ipsum dolor sit amet, consectetur adipiscing elit. Odium autem et invidiam facile vitabis. Quibus ego vehementer assentior. Ecce aliud simile dissimile. Quod ea non occurrentia fingunt, vincunt Aristonem; Duo Reges: constructio interrete. Proclivi c',0,'2014-10-25 11:40:13'),(452,235,'Lorem ipsum dolor sit amet, consectetur adipiscing elit. Quid me istud rogas? Haec igitur Epicuri non probo, inquam. Negare non possum. Duo Reges: constructio interrete. \n\n',1,'2014-10-25 11:40:13'),(453,236,'Lorem ipsum dolor sit amet, consectetur adipiscing elit. Tubulo putas dicere? Negare non possum. At enim hic etiam dolore. Istam voluptatem perpetuam quis potest praestare sapienti? An haec ab eo non dicuntur? Duo Reges: constructio interrete. \n\n',0,'2014-10-25 11:40:13'),(454,236,'Lorem ipsum dolor sit amet, consectetur adipiscing elit. Zenonis est, inquam, hoc Stoici. Praeclarae mortes sunt imperatoriae; Esse enim quam vellet iniquus iustus poterat inpune. Duo Reges: constructio interrete. Ita credo. Esse enim, nisi eris, non pote',0,'2014-10-25 11:40:13'),(455,236,'Lorem ipsum dolor sit amet, consectetur adipiscing elit. Sed haec omittamus; Quis istud possit, inquit, negare? Quid iudicant sensus? Duo Reges: constructio interrete. \n\n',0,'2014-10-25 11:40:13'),(456,236,'Lorem ipsum dolor sit amet, consectetur adipiscing elit. At multis se probavit. Efficiens dici potest. Duo Reges: constructio interrete. Quibus ego vehementer assentior. Duarum enim vitarum nobis erunt instituta capienda. Quid ad utilitatem tantae pecunia',1,'2014-10-25 11:40:14'),(457,237,'Lorem ipsum dolor sit amet, consectetur adipiscing elit. At coluit ipse amicitias. Duo Reges: constructio interrete. Si quae forte-possumus. Collige omnia, quae soletis: Praesidium amicorum. Comprehensum, quod cognitum non habet? Equidem e Cn. \n\n',0,'2014-10-25 11:40:14'),(458,237,'Lorem ipsum dolor sit amet, consectetur adipiscing elit. Haeret in salebra. Tamen a proposito, inquam, aberramus. Haec dicuntur fortasse ieiunius; Quae est igitur causa istarum angustiarum? Duo Reges: constructio interrete. Nulla erit controversia. Utilit',0,'2014-10-25 11:40:14'),(459,237,'Lorem ipsum dolor sit amet, consectetur adipiscing elit. Cur iustitia laudatur? Itaque his sapiens semper vacabit. Estne, quaeso, inquam, sitienti in bibendo voluptas? \n\n',0,'2014-10-25 11:40:14'),(460,237,'Lorem ipsum dolor sit amet, consectetur adipiscing elit. Quo tandem modo? Recte dicis; Negat esse eam, inquit, propter se expetendam. Quae contraria sunt his, malane? Quippe: habes enim a rhetoribus; Non semper, inquam; Non igitur bene. \n\n',1,'2014-10-25 11:40:14'),(461,238,'Lorem ipsum dolor sit amet, consectetur adipiscing elit. Suo genere perveniant ad extremum; Teneo, inquit, finem illi videri nihil dolere. Ut pulsi recurrant? Sedulo, inquam, faciam. \n\n',0,'2014-10-25 11:40:14'),(462,238,'Lorem ipsum dolor sit amet, consectetur adipiscing elit. Poterat autem inpune; Hunc vos beatum; \n\n',0,'2014-10-25 11:40:15'),(463,238,'Lorem ipsum dolor sit amet, consectetur adipiscing elit. Quid de Pythagora? Cur, nisi quod turpis oratio est? Tollenda est atque extrahenda radicitus. Aliter enim nosmet ipsos nosse non possumus. \n\n',0,'2014-10-25 11:40:15'),(464,238,'Lorem ipsum dolor sit amet, consectetur adipiscing elit. Ut id aliis narrare gestiant? At certe gravius. Aliter homines, aliter philosophos loqui putas oportere? Sed ad bona praeterita redeamus. Esse enim quam vellet iniquus iustus poterat inpune. Illi en',1,'2014-10-25 11:40:15'),(465,239,'Lorem ipsum dolor sit amet, consectetur adipiscing elit. Quis istud possit, inquit, negare? Nulla erit controversia. Simus igitur contenti his. Duo Reges: constructio interrete. Bonum patria: miserum exilium. Videsne quam sit magna dissensio? Prodest, inq',0,'2014-10-25 11:40:15'),(466,239,'Lorem ipsum dolor sit amet, consectetur adipiscing elit. Frater et T. Qui est in parvis malis. Minime vero istorum quidem, inquit. Cur id non ita fit? \n\n',0,'2014-10-25 11:40:15'),(467,239,'Lorem ipsum dolor sit amet, consectetur adipiscing elit. Hunc vos beatum; Nulla erit controversia. Summae mihi videtur inscitiae. Duo Reges: constructio interrete. Primum divisit ineleganter; \n\n',0,'2014-10-25 11:40:15'),(468,239,'Lorem ipsum dolor sit amet, consectetur adipiscing elit. Immo alio genere; Sed tamen intellego quid velit. Torquatus, is qui consul cum Cn. Duo Reges: constructio interrete. Poterat autem inpune; Philosophi autem in suis lectulis plerumque moriuntur. \n\n',1,'2014-10-25 11:40:15'),(469,240,'Lorem ipsum dolor sit amet, consectetur adipiscing elit. Sed tamen intellego quid velit. Quis hoc dicit? Sed ad bona praeterita redeamus. \n\n',0,'2014-10-25 11:40:16'),(470,240,'Lorem ipsum dolor sit amet, consectetur adipiscing elit. Nos paucis ad haec additis finem faciamus aliquando; Sedulo, inquam, faciam. Utilitatis causa amicitia est quaesita. Duo Reges: constructio interrete. \n\n',0,'2014-10-25 11:40:16'),(471,240,'Lorem ipsum dolor sit amet, consectetur adipiscing elit. Si quidem, inquit, tollerem, sed relinquo. Sin aliud quid voles, postea. Quam illa ardentis amores excitaret sui! Cur tandem? Verum hoc idem saepe faciamus. Duo Reges: constructio interrete. Stoicos',0,'2014-10-25 11:40:16'),(472,240,'Lorem ipsum dolor sit amet, consectetur adipiscing elit. Venit ad extremum; Sumenda potius quam expetenda. Duo Reges: constructio interrete. Dat enim intervalla et relaxat. At enim hic etiam dolore. \n\n',1,'2014-10-25 11:40:16'),(473,241,'Lorem ipsum dolor sit amet, consectetur adipiscing elit. Cur post Tarentum ad Archytam? Recte, inquit, intellegis. Est, ut dicis, inquam. Sed haec in pueris; \n\n',0,'2014-10-25 11:40:16'),(474,241,'Lorem ipsum dolor sit amet, consectetur adipiscing elit. Respondeat totidem verbis. Quonam, inquit, modo? Quis hoc dicit? Respondent extrema primis, media utrisque, omnia omnibus. \n\n',0,'2014-10-25 11:40:16'),(475,241,'Lorem ipsum dolor sit amet, consectetur adipiscing elit. Et ille ridens: Video, inquit, quid agas; Ad eos igitur converte te, quaeso. At eum nihili facit; Numquam facies. \n\n',0,'2014-10-25 11:40:16'),(476,241,'Lorem ipsum dolor sit amet, consectetur adipiscing elit. Quis enim redargueret? Erat enim Polemonis. Sed fortuna fortis; Istic sum, inquit. Praeteritis, inquit, gaudeo. \n\n',1,'2014-10-25 11:40:17'),(477,242,'Lorem ipsum dolor sit amet, consectetur adipiscing elit. Collatio igitur ista te nihil iuvat. Multoque hoc melius nos veriusque quam Stoici. Immo videri fortasse. Quid dubitas igitur mutare principia naturae? \n\n',0,'2014-10-25 11:40:17'),(478,242,'Lorem ipsum dolor sit amet, consectetur adipiscing elit. Nunc vides, quid faciat. Quae diligentissime contra Aristonem dicuntur a Chryippo. At eum nihili facit; Rationis enim perfectio est virtus; \n\n',0,'2014-10-25 11:40:17'),(479,242,'Lorem ipsum dolor sit amet, consectetur adipiscing elit. Aliter homines, aliter philosophos loqui putas oportere? Hunc vos beatum; Sed haec omittamus; Sumenda potius quam expetenda. Cur id non ita fit? Tubulo putas dicere? \n\n',0,'2014-10-25 11:40:17'),(480,242,'Lorem ipsum dolor sit amet, consectetur adipiscing elit. Cyrenaici quidem non recusant; Graccho, eius fere, aequalí? Proclivi currit oratio. Quonam modo? Ratio quidem vestra sic cogit. \n\n',1,'2014-10-25 11:40:17'),(481,275,'anastasia',1,'2014-10-26 15:36:37'),(482,275,'paul',0,'2014-10-26 15:36:37'),(483,275,'adrien',0,'2014-10-26 15:36:37'),(484,275,'mathieu',0,'2014-10-26 15:36:37'),(485,276,'anastasia',1,'2014-10-26 15:38:10'),(486,276,'paul',0,'2014-10-26 15:38:10'),(487,276,'adrien',0,'2014-10-26 15:38:10'),(488,276,'mathieu',0,'2014-10-26 15:38:10'),(489,277,'anastasia',1,'2014-10-26 15:39:44'),(490,277,'paul',0,'2014-10-26 15:39:44'),(491,277,'adrien',0,'2014-10-26 15:39:44'),(492,277,'mathieu',0,'2014-10-26 15:39:44');
/*!40000 ALTER TABLE `answers` ENABLE KEYS */;
UNLOCK TABLES;

--
-- Table structure for table `badges`
--

DROP TABLE IF EXISTS `badges`;
/*!40101 SET @saved_cs_client     = @@character_set_client */;
/*!40101 SET character_set_client = utf8 */;
CREATE TABLE `badges` (
  `id` int(11) NOT NULL AUTO_INCREMENT,
  `name` varchar(75) NOT NULL,
  `picture` varchar(255) DEFAULT NULL,
  `category_id` int(11) NOT NULL,
  `created` datetime NOT NULL,
  PRIMARY KEY (`id`),
  KEY `fk_badges_categories_idx` (`category_id`),
  CONSTRAINT `fk_badges_categories` FOREIGN KEY (`category_id`) REFERENCES `categories` (`id`) ON DELETE NO ACTION ON UPDATE NO ACTION
) ENGINE=InnoDB DEFAULT CHARSET=latin1;
/*!40101 SET character_set_client = @saved_cs_client */;

--
-- Dumping data for table `badges`
--

LOCK TABLES `badges` WRITE;
/*!40000 ALTER TABLE `badges` DISABLE KEYS */;
/*!40000 ALTER TABLE `badges` ENABLE KEYS */;
UNLOCK TABLES;

--
-- Table structure for table `categories`
--

DROP TABLE IF EXISTS `categories`;
/*!40101 SET @saved_cs_client     = @@character_set_client */;
/*!40101 SET character_set_client = utf8 */;
CREATE TABLE `categories` (
  `id` int(11) NOT NULL AUTO_INCREMENT,
  `name` varchar(75) NOT NULL,
  `sex` varchar(6) NOT NULL COMMENT 'HOMME/FEMME',
  `created` datetime NOT NULL,
  PRIMARY KEY (`id`)
) ENGINE=InnoDB AUTO_INCREMENT=81 DEFAULT CHARSET=latin1;
/*!40101 SET character_set_client = @saved_cs_client */;

--
-- Dumping data for table `categories`
--

LOCK TABLES `categories` WRITE;
/*!40000 ALTER TABLE `categories` DISABLE KEYS */;
INSERT INTO `categories` VALUES (73,'geek','all','2014-10-14 22:45:23'),(74,'dragqueen','male','2014-10-14 22:45:23'),(75,'hippie','all','2014-10-14 22:45:23'),(76,'badboy','male','2014-10-14 22:45:23'),(77,'keke','male','2014-10-14 22:45:23'),(78,'barbie','female','2014-10-14 22:45:23'),(79,'badgirl','female','2014-10-14 22:45:23'),(80,'candide','female','2014-10-14 22:45:23');
/*!40000 ALTER TABLE `categories` ENABLE KEYS */;
UNLOCK TABLES;

--
-- Table structure for table `good_deals`
--

DROP TABLE IF EXISTS `good_deals`;
/*!40101 SET @saved_cs_client     = @@character_set_client */;
/*!40101 SET character_set_client = utf8 */;
CREATE TABLE `good_deals` (
  `id` int(11) NOT NULL AUTO_INCREMENT,
  `name` varchar(75) NOT NULL,
  `description` text NOT NULL,
  `value` varchar(75) NOT NULL,
  `img` varchar(255) NOT NULL,
  `category_id` int(11) NOT NULL,
  `created` datetime NOT NULL,
  PRIMARY KEY (`id`),
  KEY `fk_deal_category_idx` (`category_id`),
  CONSTRAINT `fk_deal_category` FOREIGN KEY (`category_id`) REFERENCES `categories` (`id`) ON DELETE NO ACTION ON UPDATE NO ACTION
) ENGINE=InnoDB DEFAULT CHARSET=latin1;
/*!40101 SET character_set_client = @saved_cs_client */;

--
-- Dumping data for table `good_deals`
--

LOCK TABLES `good_deals` WRITE;
/*!40000 ALTER TABLE `good_deals` DISABLE KEYS */;
/*!40000 ALTER TABLE `good_deals` ENABLE KEYS */;
UNLOCK TABLES;

--
-- Table structure for table `questions`
--

DROP TABLE IF EXISTS `questions`;
/*!40101 SET @saved_cs_client     = @@character_set_client */;
/*!40101 SET character_set_client = utf8 */;
CREATE TABLE `questions` (
  `id` int(11) NOT NULL AUTO_INCREMENT,
  `name` text NOT NULL,
  `file` varchar(255) NOT NULL,
  `category_id` int(11) NOT NULL,
  `created` datetime NOT NULL,
  PRIMARY KEY (`id`),
  KEY `fk_question_category_idx` (`category_id`),
  CONSTRAINT `fk_question_category` FOREIGN KEY (`category_id`) REFERENCES `categories` (`id`) ON DELETE NO ACTION ON UPDATE NO ACTION
) ENGINE=InnoDB AUTO_INCREMENT=278 DEFAULT CHARSET=latin1;
/*!40101 SET character_set_client = @saved_cs_client */;

--
-- Dumping data for table `questions`
--

LOCK TABLES `questions` WRITE;
/*!40000 ALTER TABLE `questions` DISABLE KEYS */;
INSERT INTO `questions` VALUES (183,'Lorem ipsum dolor sit amet, consectetur adipiscing elit. De hominibus dici non necesse est. Dici enim nihil potest verius. An eiusdem modi? Confecta res esset. Erat enim Polemonis. \n\n','',80,'2014-10-14 22:45:24'),(184,'Lorem ipsum dolor sit amet, consectetur adipiscing elit. Quonam, inquit, modo? Praeteritis, inquit, gaudeo. Utilitatis causa amicitia est quaesita. Haec dicuntur inconstantissime. Duo Reges: constructio interrete. Primum in nostrane potestate est, quid meminerimus? \n\n','',78,'2014-10-14 22:45:24'),(185,'Lorem ipsum dolor sit amet, consectetur adipiscing elit. Sed tamen intellego quid velit. Scaevolam M. Scisse enim te quis coarguere possit? Minime vero, inquit ille, consentit. Duo Reges: constructio interrete. Quae duo sunt, unum facit. \n\n','',75,'2014-10-14 22:45:24'),(186,'Lorem ipsum dolor sit amet, consectetur adipiscing elit. Praeclare hoc quidem. Utilitatis causa amicitia est quaesita. Avaritiamne minuis? Duo Reges: constructio interrete. Quare conare, quaeso. \n\n','',77,'2014-10-14 22:45:24'),(187,'Lorem ipsum dolor sit amet, consectetur adipiscing elit. Certe non potest. Id Sextilius factum negabat. \n\n','',74,'2014-10-14 22:45:24'),(188,'Lorem ipsum dolor sit amet, consectetur adipiscing elit. Idemne, quod iucunde? At eum nihili facit; Rationis enim perfectio est virtus; Rationis enim perfectio est virtus; \n\n','',76,'2014-10-14 22:45:24'),(189,'Lorem ipsum dolor sit amet, consectetur adipiscing elit. Occultum facinus esse potuerit, gaudebit; Nunc de hominis summo bono quaeritur; Immo videri fortasse. Zenonis est, inquam, hoc Stoici. Erat enim Polemonis. Duo Reges: constructio interrete. \n\n','',77,'2014-10-14 22:45:24'),(190,'Lorem ipsum dolor sit amet, consectetur adipiscing elit. Recte dicis; Sedulo, inquam, faciam. Idemne, quod iucunde? Eaedem res maneant alio modo. \n\n','',74,'2014-10-14 22:45:24'),(191,'Lorem ipsum dolor sit amet, consectetur adipiscing elit. Facete M. Id Sextilius factum negabat. Duo Reges: constructio interrete. Tenent mordicus. Quod cum dixissent, ille contra. Honesta oratio, Socratica, Platonis etiam. Utilitatis causa amicitia est quaesita. An eiusdem modi? \n\n','',77,'2014-10-14 22:45:24'),(192,'Lorem ipsum dolor sit amet, consectetur adipiscing elit. Primum divisit ineleganter; Ita nemo beato beatior. \n\n','',77,'2014-10-14 22:45:24'),(193,'Lorem ipsum dolor sit amet, consectetur adipiscing elit. Non semper, inquam; Quare attende, quaeso. Primum divisit ineleganter; Qualem igitur hominem natura inchoavit? Duo Reges: constructio interrete. Idemne, quod iucunde? \n\n','',76,'2014-10-14 22:45:24'),(194,'Lorem ipsum dolor sit amet, consectetur adipiscing elit. Eam tum adesse, cum dolor omnis absit; Duo Reges: constructio interrete. Istam voluptatem perpetuam quis potest praestare sapienti? Non semper, inquam; \n\n','',75,'2014-10-14 22:45:24'),(195,'Lorem ipsum dolor sit amet, consectetur adipiscing elit. Sed quot homines, tot sententiae; Quid de Pythagora? Invidiosum nomen est, infame, suspectum. Quo tandem modo? Haeret in salebra. Duo Reges: constructio interrete. \n\n','',79,'2014-10-14 22:45:24'),(196,'Lorem ipsum dolor sit amet, consectetur adipiscing elit. Erat enim res aperta. An tu me de L. Equidem e Cn. Duo Reges: constructio interrete. Quid censes in Latino fore? Quid censes in Latino fore? \n\n','',80,'2014-10-14 22:45:24'),(197,'Lorem ipsum dolor sit amet, consectetur adipiscing elit. Cur deinde Metrodori liberos commendas? Nescio quo modo praetervolavit oratio. Et nemo nimium beatus est; Duo Reges: constructio interrete. Bonum integritas corporis: misera debilitas. \n\n','',80,'2014-10-14 22:45:24'),(198,'Lorem ipsum dolor sit amet, consectetur adipiscing elit. Si quae forte-possumus. Tubulo putas dicere? Hoc loco tenere se Triarius non potuit. Venit ad extremum; \n\n','',80,'2014-10-14 22:45:25'),(199,'Lorem ipsum dolor sit amet, consectetur adipiscing elit. Sic consequentibus vestris sublatis prima tolluntur. Eademne, quae restincta siti? Nunc haec primum fortasse audientis servire debemus. Poterat autem inpune; Quid censes in Latino fore? \n\n','',79,'2014-10-14 22:45:25'),(200,'Lorem ipsum dolor sit amet, consectetur adipiscing elit. Hic ambiguo ludimur. Praeclare hoc quidem. Quonam, inquit, modo? Quid de Pythagora? Nunc agendum est subtilius. Duo Reges: constructio interrete. \n\n','',74,'2014-10-14 22:45:25'),(201,'Lorem ipsum dolor sit amet, consectetur adipiscing elit. Nemo igitur esse beatus potest. Sed virtutem ipsam inchoavit, nihil amplius. A mene tu? Si quae forte-possumus. Tum Torquatus: Prorsus, inquit, assentior; \n\n','',75,'2014-10-14 22:45:25'),(202,'Lorem ipsum dolor sit amet, consectetur adipiscing elit. Quare attende, quaeso. Equidem e Cn. Quid sequatur, quid repugnet, vident. Sed haec in pueris; An tu me de L. Duo Reges: constructio interrete. \n\n','',75,'2014-10-14 22:45:25'),(203,'Lorem ipsum dolor sit amet, consectetur adipiscing elit. Disserendi artem nullam habuit. Vide, quantum, inquam, fallare, Torquate. Ostendit pedes et pectus. Eademne, quae restincta siti? \n\n','',75,'2014-10-14 22:55:41'),(204,'Lorem ipsum dolor sit amet, consectetur adipiscing elit. Quid ergo hoc loco intellegit honestum? Erat enim res aperta. \n\n','',73,'2014-10-14 22:55:41'),(205,'Lorem ipsum dolor sit amet, consectetur adipiscing elit. Eadem nunc mea adversum te oratio est. Praeteritis, inquit, gaudeo. Idem adhuc; Quae contraria sunt his, malane? Quid dubitas igitur mutare principia naturae? Nunc de hominis summo bono quaeritur; \n\n','',74,'2014-10-14 22:55:41'),(206,'Lorem ipsum dolor sit amet, consectetur adipiscing elit. Sint ista Graecorum; Quid adiuvas? Duo Reges: constructio interrete. Nihil ad rem! Ne sit sane; Satis est ad hoc responsum. Sed videbimus. Tria genera bonorum; Hoc Hieronymus summum bonum esse dixit. \n\n','',80,'2014-10-14 22:55:41'),(207,'Lorem ipsum dolor sit amet, consectetur adipiscing elit. Murenam te accusante defenderem. Quaerimus enim finem bonorum. Tu quidem reddes; Duo Reges: constructio interrete. Tum Torquatus: Prorsus, inquit, assentior; Duarum enim vitarum nobis erunt instituta capienda. \n\n','',78,'2014-10-14 22:55:41'),(208,'Lorem ipsum dolor sit amet, consectetur adipiscing elit. Cur iustitia laudatur? Nihil sane. Quo modo autem philosophus loquitur? Primum divisit ineleganter; \n\n','',79,'2014-10-14 22:55:41'),(209,'Lorem ipsum dolor sit amet, consectetur adipiscing elit. Nihil sane. Verum hoc idem saepe faciamus. Duo Reges: constructio interrete. Respondent extrema primis, media utrisque, omnia omnibus. \n\n','',75,'2014-10-14 22:55:42'),(210,'Lorem ipsum dolor sit amet, consectetur adipiscing elit. Confecta res esset. Quod cum dixissent, ille contra. Tu quidem reddes; Duo Reges: constructio interrete. Ne discipulum abducam, times. \n\n','',80,'2014-10-14 22:55:42'),(211,'Lorem ipsum dolor sit amet, consectetur adipiscing elit. Si quicquam extra virtutem habeatur in bonis. At iam decimum annum in spelunca iacet. Si longus, levis; Quare attende, quaeso. Nam ista vestra: Si gravis, brevis; Duo Reges: constructio interrete. Peccata paria. Haec dicuntur inconstantissime. \n\n','',77,'2014-10-14 22:55:42'),(212,'Lorem ipsum dolor sit amet, consectetur adipiscing elit. Quid est enim aliud esse versutum? At multis malis affectus. Duo Reges: constructio interrete. \n\n','',73,'2014-10-14 22:55:42'),(213,'Lorem ipsum dolor sit amet, consectetur adipiscing elit. Quo tandem modo? Cur, nisi quod turpis oratio est? Nos commodius agimus. \n\n','',73,'2014-10-14 22:55:42'),(214,'Lorem ipsum dolor sit amet, consectetur adipiscing elit. Refert tamen, quo modo. Maximus dolor, inquit, brevis est. Vide, quantum, inquam, fallare, Torquate. Quid de Platone aut de Democrito loquar? \n\n','',76,'2014-10-14 22:55:42'),(215,'Lorem ipsum dolor sit amet, consectetur adipiscing elit. Sed virtutem ipsam inchoavit, nihil amplius. Iam in altera philosophiae parte. Duo Reges: constructio interrete. Quid me istud rogas? \n\n','',76,'2014-10-14 22:55:42'),(216,'Lorem ipsum dolor sit amet, consectetur adipiscing elit. Sed residamus, inquit, si placet. Sed ille, ut dixi, vitiose. Nihil ad rem! Ne sit sane; Si longus, levis. Simus igitur contenti his. Est, ut dicis, inquit; \n\n','',75,'2014-10-14 22:55:42'),(217,'Lorem ipsum dolor sit amet, consectetur adipiscing elit. Sequitur disserendi ratio cognitioque naturae; Si longus, levis; Audeo dicere, inquit. Efficiens dici potest. \n\n','',78,'2014-10-14 22:55:42'),(218,'Lorem ipsum dolor sit amet, consectetur adipiscing elit. Tibi hoc incredibile, quod beatissimum. Duo Reges: constructio interrete. Laboro autem non sine causa; Vide, quantum, inquam, fallare, Torquate. Si enim ad populum me vocas, eum. \n\n','',73,'2014-10-14 22:55:42'),(219,'Lorem ipsum dolor sit amet, consectetur adipiscing elit. Nulla erit controversia. Nulla erit controversia. Tum Triarius: Posthac quidem, inquit, audacius. Duo Reges: constructio interrete. Gloriosa ostentatio in constituendo summo bono. \n\n','',77,'2014-10-14 22:55:42'),(220,'Lorem ipsum dolor sit amet, consectetur adipiscing elit. Si longus, levis. Cur post Tarentum ad Archytam? Res enim concurrent contrariae. Duo Reges: constructio interrete. \n\n','',77,'2014-10-14 22:55:42'),(221,'Lorem ipsum dolor sit amet, consectetur adipiscing elit. Graece donan, Latine voluptatem vocant. At ille pellit, qui permulcet sensum voluptate. \n\n','',73,'2014-10-14 22:55:43'),(222,'Lorem ipsum dolor sit amet, consectetur adipiscing elit. Polycratem Samium felicem appellabant. Quare attende, quaeso. Sit sane ista voluptas. Non potes, nisi retexueris illa. Duo Reges: constructio interrete. Nam quid possumus facere melius? \n\n','',75,'2014-10-14 22:55:43'),(223,'Lorem ipsum dolor sit amet, consectetur adipiscing elit. Explanetur igitur. Quis Aristidem non mortuum diligit? Frater et T. An eiusdem modi? Sed residamus, inquit, si placet. Quid dubitas igitur mutare principia naturae? Duo Reges: constructio interrete. Quare conare, quaeso. \n\n','',76,'2014-10-14 22:55:44'),(224,'Lorem ipsum dolor sit amet, consectetur adipiscing elit. Summus dolor plures dies manere non potest? Minime vero, inquit ille, consentit. Eademne, quae restincta siti? Quorum altera prosunt, nocent altera. Duo Reges: constructio interrete. \n\n','',78,'2014-10-14 22:55:44'),(225,'Lorem ipsum dolor sit amet, consectetur adipiscing elit. Beatus sibi videtur esse moriens. Pauca mutat vel plura sane; Duo Reges: constructio interrete. Tibi hoc incredibile, quod beatissimum. Sint modo partes vitae beatae. Recte, inquit, intellegis. Moriatur, inquit. \n\n','',73,'2014-10-14 22:55:44'),(226,'Lorem ipsum dolor sit amet, consectetur adipiscing elit. Quis enim redargueret? Sit enim idem caecus, debilis. Sed hoc sane concedamus. Sed ad rem redeamus; Numquam facies. \n\n','',73,'2014-10-14 22:55:44'),(227,'Lorem ipsum dolor sit amet, consectetur adipiscing elit. Avaritiamne minuis? Egone quaeris, inquit, quid sentiam? Expectoque quid ad id, quod quaerebam, respondeas. Quae diligentissime contra Aristonem dicuntur a Chryippo. Duo Reges: constructio interrete. Quae duo sunt, unum facit. \n\n','',78,'2014-10-14 22:55:44'),(228,'Lorem ipsum dolor sit amet, consectetur adipiscing elit. Aliter homines, aliter philosophos loqui putas oportere? Nunc vides, quid faciat. \n\n','',78,'2014-10-14 22:55:44'),(229,'Lorem ipsum dolor sit amet, consectetur adipiscing elit. Quis est tam dissimile homini. Si quicquam extra virtutem habeatur in bonis. Igitur ne dolorem quidem. Duo Reges: constructio interrete. Iam enim adesse poterit. Si longus, levis. \n\n','',78,'2014-10-14 22:55:44'),(230,'Lorem ipsum dolor sit amet, consectetur adipiscing elit. Respondeat totidem verbis. Idem iste, inquam, de voluptate quid sentit? Haeret in salebra. Tecum optime, deinde etiam cum mediocri amico. Proclivi currit oratio. Sint ista Graecorum; \n\n','',80,'2014-10-14 22:55:44'),(231,'Lorem ipsum dolor sit amet, consectetur adipiscing elit. Quod equidem non reprehendo; Sed quot homines, tot sententiae; Tubulo putas dicere? Duo Reges: constructio interrete. Scaevolam M. Qui ita affectus, beatum esse numquam probabis; \n\n','',76,'2014-10-14 22:55:44'),(232,'Lorem ipsum dolor sit amet, consectetur adipiscing elit. Quod equidem non reprehendo; Quodcumque in mentem incideret, et quodcumque tamquam occurreret. \n\n','',73,'2014-10-14 22:55:45'),(233,'Lorem ipsum dolor sit amet, consectetur adipiscing elit. Quid iudicant sensus? Quamquam te quidem video minime esse deterritum. Equidem, sed audistine modo de Carneade? Sed ad illum redeo. Si id dicis, vicimus. Collige omnia, quae soletis: Praesidium amicorum. \n\n','',77,'2014-10-14 22:55:45'),(234,'Lorem ipsum dolor sit amet, consectetur adipiscing elit. Ita prorsus, inquam; Nemo igitur esse beatus potest. Duo Reges: constructio interrete. \n\n','',79,'2014-10-14 22:55:45'),(235,'Lorem ipsum dolor sit amet, consectetur adipiscing elit. Quo tandem modo? Itaque fecimus. Cur id non ita fit? Cupiditates non Epicuri divisione finiebat, sed sua satietate. Quod ea non occurrentia fingunt, vincunt Aristonem; Duo Reges: constructio interrete. Id est enim, de quo quaerimus. Erit enim mecum, si tecum erit. Poterat autem inpune; \n\n','',76,'2014-10-14 22:55:45'),(236,'Lorem ipsum dolor sit amet, consectetur adipiscing elit. Quis negat? At coluit ipse amicitias. Ut pulsi recurrant? Satis est ad hoc responsum. Facillimum id quidem est, inquam. Duo Reges: constructio interrete. Eaedem res maneant alio modo. \n\n','',80,'2014-10-14 22:55:45'),(237,'Lorem ipsum dolor sit amet, consectetur adipiscing elit. Quonam, inquit, modo? Quid ad utilitatem tantae pecuniae? Poterat autem inpune; Qui est in parvis malis. \n\n','',79,'2014-10-14 22:55:45'),(238,'Lorem ipsum dolor sit amet, consectetur adipiscing elit. Aliter enim explicari, quod quaeritur, non potest. Murenam te accusante defenderem. Summum a vobis bonum voluptas dicitur. Duo Reges: constructio interrete. Res enim concurrent contrariae. \n\n','',78,'2014-10-14 22:55:45'),(239,'Lorem ipsum dolor sit amet, consectetur adipiscing elit. Non est igitur voluptas bonum. ALIO MODO. Dat enim intervalla et relaxat. Moriatur, inquit. \n\n','',78,'2014-10-14 22:55:45'),(240,'Lorem ipsum dolor sit amet, consectetur adipiscing elit. Sullae consulatum? Memini me adesse P. Efficiens dici potest. Venit ad extremum; Duo Reges: constructio interrete. Hoc loco tenere se Triarius non potuit. \n\n','',77,'2014-10-14 22:55:45'),(241,'Lorem ipsum dolor sit amet, consectetur adipiscing elit. Quae cum essent dicta, discessimus. Ut aliquid scire se gaudeant? Honesta oratio, Socratica, Platonis etiam. \n\n','',74,'2014-10-14 22:55:45'),(242,'Lorem ipsum dolor sit amet, consectetur adipiscing elit. Quod cum dixissent, ille contra. Quibusnam praeteritis? Quae duo sunt, unum facit. Duo Reges: constructio interrete. Cur haec eadem Democritus? Quare attende, quaeso. \n\n','',79,'2014-10-14 22:55:45'),(275,'Comment s\'appel anastasia','',79,'2014-10-26 15:36:37'),(276,'Comment s\'appel anastasia','',79,'2014-10-26 15:38:10'),(277,'Comment s\'appel anastasia','',79,'2014-10-26 15:39:44');
/*!40000 ALTER TABLE `questions` ENABLE KEYS */;
UNLOCK TABLES;

--
-- Table structure for table `user_responses`
--

DROP TABLE IF EXISTS `user_responses`;
/*!40101 SET @saved_cs_client     = @@character_set_client */;
/*!40101 SET character_set_client = utf8 */;
CREATE TABLE `user_responses` (
  `id` int(11) NOT NULL AUTO_INCREMENT,
  `user_id` int(11) NOT NULL,
  `question_id` int(11) NOT NULL,
  `response_id` int(11) NOT NULL,
  `created` datetime NOT NULL,
  PRIMARY KEY (`id`),
  KEY `fk_user_responses_user_idx` (`user_id`),
  KEY `fk_user_responses_question_idx` (`question_id`),
  KEY `fk_user_responses_answers_idx` (`response_id`),
  CONSTRAINT `fk_user_responses_answers` FOREIGN KEY (`response_id`) REFERENCES `answers` (`id`) ON DELETE NO ACTION ON UPDATE NO ACTION,
  CONSTRAINT `fk_user_responses_question` FOREIGN KEY (`question_id`) REFERENCES `questions` (`id`) ON DELETE NO ACTION ON UPDATE NO ACTION,
  CONSTRAINT `fk_user_responses_user` FOREIGN KEY (`user_id`) REFERENCES `users` (`id`) ON DELETE NO ACTION ON UPDATE NO ACTION
) ENGINE=InnoDB DEFAULT CHARSET=latin1;
/*!40101 SET character_set_client = @saved_cs_client */;

--
-- Dumping data for table `user_responses`
--

LOCK TABLES `user_responses` WRITE;
/*!40000 ALTER TABLE `user_responses` DISABLE KEYS */;
/*!40000 ALTER TABLE `user_responses` ENABLE KEYS */;
UNLOCK TABLES;

--
-- Table structure for table `users`
--

DROP TABLE IF EXISTS `users`;
/*!40101 SET @saved_cs_client     = @@character_set_client */;
/*!40101 SET character_set_client = utf8 */;
CREATE TABLE `users` (
  `id` int(11) NOT NULL AUTO_INCREMENT,
  `facebook_id` varchar(150) NOT NULL,
  `firstname` varchar(75) NOT NULL,
  `lastname` varchar(75) NOT NULL,
  `picture` varchar(255) DEFAULT NULL,
  `sex` varchar(6) NOT NULL,
  `created` datetime NOT NULL,
  PRIMARY KEY (`id`)
) ENGINE=InnoDB AUTO_INCREMENT=3 DEFAULT CHARSET=latin1;
/*!40101 SET character_set_client = @saved_cs_client */;

--
-- Dumping data for table `users`
--

LOCK TABLES `users` WRITE;
/*!40000 ALTER TABLE `users` DISABLE KEYS */;
INSERT INTO `users` VALUES (1,'ID243237823','Paul','Boiseau',NULL,'','2014-10-01 00:00:00'),(2,'ID232323','Anastasia','Launey',NULL,'','2014-10-09 00:00:00');
/*!40000 ALTER TABLE `users` ENABLE KEYS */;
UNLOCK TABLES;
/*!40103 SET TIME_ZONE=@OLD_TIME_ZONE */;

/*!40101 SET SQL_MODE=@OLD_SQL_MODE */;
/*!40014 SET FOREIGN_KEY_CHECKS=@OLD_FOREIGN_KEY_CHECKS */;
/*!40014 SET UNIQUE_CHECKS=@OLD_UNIQUE_CHECKS */;
/*!40101 SET CHARACTER_SET_CLIENT=@OLD_CHARACTER_SET_CLIENT */;
/*!40101 SET CHARACTER_SET_RESULTS=@OLD_CHARACTER_SET_RESULTS */;
/*!40101 SET COLLATION_CONNECTION=@OLD_COLLATION_CONNECTION */;
/*!40111 SET SQL_NOTES=@OLD_SQL_NOTES */;

-- Dump completed on 2014-10-27  9:00:22
